'NitricOxide','NitrogenDioxide','OxidesofNitrogen','Ozone','WindSpeed','ResultantWindSpeed','ResultantWindDirection','MaximumWindGust','Std.Dev.WindDirection','OutdoorTemperature','DewPointTemperature','RelativeHumidity','SolarRadiation','PM2.5'
19.6,35.8,55.5,2,1.9,1.5,215,3.6,39,67.7,23.3,18.6,0,37.1
2.5,2.8,4.4,37,23.3,22.6,276,38.5,14,86.4,32.3,14.5,1.11,40.9
2.3,3.1,4.5,41,23.7,23.2,281,40.4,12,87.2,30.2,12.9,0.841,36.7
1.9,3,4.1,42,25,24.7,282,41.9,10,86.7,29,12.5,0.509,36.4
0.4,7.1,8.1,50,25.1,24.7,283,42.3,9,59.6,13.2,16.1,0.45,65.9
1.4,5.9,7.3,52,28.8,28.4,283,48.4,10,61,10.1,13.3,0.752,101.6
2,5.5,7.1,52,31,30.4,288,50.8,11,61.7,4.8,10.3,0.977,162.1
1.1,3.8,4.6,55,31.4,30.7,292,54.1,12,61.5,1.2,8.8,1.188,133.6
2,4.8,6.3,54,30.8,30.3,281,47.7,11,61.6,-1.3,7.7,1.305,125.3
1.9,5.4,6.9,54,29.2,28.5,284,48.3,12,61.1,-3.7,7.2,1.359,78
1.7,5.1,6.5,55,26.3,25.7,286,43.5,13,61.2,-3.5,7,1.29,42.9
2,6.1,7.8,53,25.3,24.7,289,44.1,13,61.5,-1.3,7.7,1.114,40.4
1.9,5.9,7.4,53,22.8,22,287,40.1,15,62.1,-1.1,7.7,0.535,59
2.1,6.7,7.9,58,19.7,19.3,290,34.3,12,62,-1,7.6,0.208,57.1
0.3,2.8,3,53,18,17.5,298,30,14,67.9,17.4,14.3,1.352,52.4
1.8,5.3,6.9,53,20.6,20,281,35.6,13,72.5,13.7,10.6,1.456,45.6
2.2,6,8,55,23,22.5,280,37.1,12,73.7,15.5,10.7,1.445,41.5
4.2,3.3,5.4,60,10.2,9.8,308,23.8,17,65.5,15.1,14.2,0,33.7
2.2,8.3,10.5,51,20.7,19.4,260,43,20,81.9,15.3,8.2,0.971,41.9
1.8,7.6,9.4,46,20.9,20.5,276,34.2,11,80.3,19.7,10.3,0.708,53.7
2.4,8.6,11,41,21.8,21.4,274,35.9,11,79.3,22.9,12.3,0.469,83
1.7,6.6,8.2,41,23.3,22.8,269,39.7,11,77.4,23.8,13.6,0.21,80.8
1.4,5.1,6.2,41,24.9,24.5,272,44.4,10,74.6,25.4,15.9,0.031,99.8
1,4.2,4.9,43,23.8,23.5,276,41.5,9,71.7,27.9,19.5,0,44.2
0.2,15.9,16.2,63,10.4,10.2,270,18.1,10,84.8,12,6.4,0,50.8
0,14,14,59,10.1,9.7,282,17.1,16,82.9,13,7.2,0,57.1
0,15.1,15.1,52,9.8,9.6,284,15.1,12,79.8,12.2,7.6,0,44.8
1.3,30.4,31.7,24,8.2,8.2,276,13.6,8,77,11.7,8.2,0,40.4
0.3,13.1,13.2,25,5.6,5.2,263,11.5,20,79.3,17.2,9.6,0,37.8
0.8,23.1,23.9,13,3.1,0.4,190,8.4,75,76.8,20.4,12.1,0,40.1
16.4,32.2,48.4,2,3.6,3.3,127,6.5,22,72.8,23.7,15.7,0,46.9
33.6,32.6,66,1,3.6,0.8,128,7.5,72,71.3,22.3,16.1,0,38.5
33.8,30,63.5,4,4.8,3.9,130,8.5,35,70.9,22.3,15.9,0.073,46.3
18.1,39.4,57.4,4,0.5,0.3,150,1.1,52,91.4,32.5,12.4,0,58
1.1,8.7,9.6,37,18.8,18.4,285,38.2,12,94,37,13.8,0.069,63.6
0.7,3.1,3.4,39,14.1,13.6,277,25,14,89.9,35.8,14.8,0,80.7
0.4,3.8,3.9,40,16.9,16.7,285,32.1,9,88.9,37.4,16.3,0,39.5
0.3,1.7,1.7,43,24,23.7,281,48.8,10,87.8,38.5,17.6,0,54.2
-2.6,-2,-2.9,33,13.7,13.2,66,24.8,15,43.1,14.1,30.6,0.295,37.8
-3,-1.7,-3,35,15.2,14.8,66,31,13,41.8,13.2,30.9,0.218,41.9
-1.2,0,-0.2,35,14.8,14.4,65,27.5,13,39.7,13.4,33.9,0.09,43.4
99,46.8,145.1,4,0.3,0.3,208,1.8,23,41.4,12.1,29.7,0,45.4
136.7,45.6,181.3,4,0.3,0.3,190,1.4,30,40.4,14.2,33.8,0,43.3
124.8,43.6,167.5,4,0.8,0.8,113,5,16,37.7,14.8,38.7,0,36.7
263.6,46,308,3,0.5,0.4,236,3.8,37,47.5,29.8,50.6,0,58.5
317.1,49.2,364,4,1.3,1.2,107,3.8,10,43.8,24.6,46.7,0,78.6
72,66.8,138.2,2,0.3,0.3,154,1,19,59.8,14.6,16.8,0,46.6
194.9,63.9,257.1,3,0.4,0.4,148,2.4,13,57.3,16,19.4,0,46.2
145.8,57.4,201.9,3,0.3,0.1,87,0.3,71,53.8,20.2,26.6,0,58.1
153.6,55.9,208.2,3,0.6,0.6,128,3.3,14,51.6,18.3,26.7,0,53.5
218.8,53.5,270.4,3,0.9,0.9,118,4.4,17,48.4,19,30.9,0,58.3
86,42.2,127.4,3,2.6,2.5,122,6.2,15,46.2,16.5,30.1,0,35.9
7.3,17.8,20.6,16,3.6,3.4,20,6.2,17,47.4,32.9,57.1,0.442,37.3
79.7,43.8,117,1,1.6,0.8,52,3.8,56,56.7,37.4,48.6,0,37.9
84.8,42.5,120.8,2,1.7,1.4,44,3.8,37,55.7,37,49.3,0,45.7
169.7,46.6,209.3,1,1.8,1.4,215,5.7,38,54,38.4,55.4,0,47.3
209.5,43.8,246.2,3,2.8,2.7,97,4.6,11,50.7,37.7,60.9,0,56.3
148.2,39.6,181.1,2,1.6,1.4,171,3.6,29,49.2,37.2,62.9,0,48.9
146.2,42.2,188.5,3,2.5,2.1,255,5,32,56.6,24.8,29.1,0,41.6
174.3,42.7,216.9,2,1.9,1.7,270,4.2,24,54.8,25,31.4,0,40.3
165.3,44.5,209.7,2,3.1,2.9,253,4.5,20,53.7,25.4,33.3,0,58.1
268.4,42.5,310,4,3.2,3.2,212,5.3,11,50.4,26.9,39.9,0,73.1
254.2,40.6,293.9,4,2.2,2.1,194,3.9,15,49.3,27,41.8,0,67.7
251.3,42.3,292.8,3,2.8,2.5,140,5.4,28,47.9,27.2,44.5,0,73.5
160.9,38.4,199.1,2,2.9,2.8,158,6,16,61.9,27.2,26.6,0,35.6
163,33.9,196.8,2,2.7,1,119,6.4,65,58.7,28.3,31.8,0,55.7
170.5,33.9,204.2,2,4.6,4.1,115,8.9,26,55.4,26.9,33.2,0,74.3
87.5,27.9,115.5,1,2.6,2.2,82,7,33,52.9,26.2,35.5,0,76.8
151.8,36.8,189.9,2,4.7,4.5,137,7.6,14,51.7,26.6,37.6,0.411,43.5
75.5,38.1,115,7,4.3,4.1,143,8.7,20,57.4,26.9,31.1,0.615,53.3
0.5,4,5,46,32,31.6,278,53,9,64,25.7,23.3,1.001,57.6
0.2,3.9,4.8,48,30.3,29.8,273,52.4,10,65.4,22.9,19.8,1.187,47.9
0.2,3.8,4.5,50,32.2,31.6,278,51.5,11,66.9,19.2,16.1,1.313,36.5
1.4,4.4,5.8,50,23,22.3,251,41,14,76.5,18.5,11.2,1.041,48.3
1.2,3.5,4.8,48,25.2,24.5,258,45.9,14,78.2,21,11.8,1.227,65.8
1.1,3.7,4.9,46,26,25.3,265,44.4,13,79.6,23,12.2,1.29,99.3
1.5,5,6.6,46,21.7,20.9,258,41.6,15,80.9,23.5,12,1.273,164.1
1.5,3.9,5.4,41,27.6,26.8,266,46.4,14,82.1,24.7,12.1,1.194,79.5
2.8,6,8.8,40,23,22.3,261,40.3,14,82.6,24.9,12,1.023,39.9
2.5,5.7,8.1,41,22.3,21.7,257,42.6,14,82.9,24.6,11.8,0.765,39.8
2.1,5.9,7.9,41,22.6,21.7,259,40.2,16,82.9,25.4,12.2,0.448,44.4
1.8,5.9,7.5,40,23.3,22.6,268,41.7,14,81.7,27.3,13.6,0.18,52.4
0.9,7.2,7.8,46,20.1,19.8,283,34,10,78.7,32,18.2,0.033,65
1,5.9,6.4,43,21.3,21,282,39.1,10,75.9,33.2,21,0,67.3
0.4,3.7,3.9,42,21.8,21.5,285,37.9,10,73.7,34.7,24,0,70.5
-0.1,2.1,2.1,40,16.7,16.3,292,31.2,13,72.4,35.1,25.6,0,42.4
6.2,22,29,23,7.5,7.3,253,14,14,65.9,22.8,19.3,0.181,43.4
5.8,17,23.6,28,8.2,7.9,260,14.7,15,68.4,22.9,17.7,0.491,51.4
2.2,7.8,10.5,38,12,11.6,260,22,16,71.2,26.3,18.4,0.785,56.8
1.4,4.7,6.1,44,14.8,14.3,269,25.7,16,74.3,28.7,18.4,1.037,43.6
1.7,4.7,6.5,42,22.1,21.4,269,36.8,14,83.3,30.4,14.8,1.271,62.5
2,6.2,8.4,41,22.1,21.5,264,39.3,13,84.5,30.6,14.3,1.036,62.7
2.8,7.1,10.1,39,19,18.3,244,36,16,85.7,31.8,14.5,0.826,52.2
3.4,3.8,6.7,38,25.9,25.2,260,48,13,75.7,22.1,13.4,0.461,62
2.7,3,5.2,37,24.2,23.6,264,41,12,73.8,21.7,14.1,0.208,45.8
0.8,4.5,5.1,48,17,14,171,47.4,34,75.9,48.2,39.3,0,144.5
1.4,8.3,9.4,43,11.1,9.8,207,22.9,28,69.6,51.4,52.5,0,55.6
1.2,12,13,36,4.7,2.7,166,10.6,54,68.5,54.2,60.4,0,40.3
9.3,69,78.3,10,4.1,3.9,169,7.7,17,86.7,38.6,18.3,0,35.5
14.7,69.7,84.3,3,2.1,1.6,152,4.2,40,83.8,40.1,21.3,0,38.7
6,60.9,66.7,3,2.9,2.1,86,4.7,43,81.2,41.9,25.1,0,38.9
320.4,38.6,362.2,4,1.7,1.4,192,3.9,32,40.5,26.1,56,0,49.7
272.1,38.6,313.2,2,2.7,1.9,144,4.9,45,38.4,25.4,59.2,0,38.9
2,7.7,11.1,30,9.8,9.3,269,16.9,18,45.5,17.5,32.1,0.951,38.3
168.4,39.7,208.1,2,1.9,1.1,259,3.6,51,50.3,30.3,45.9,0,42.3
193.1,36.8,230.2,2,2.2,2,152,4.4,24,47.3,31.5,54,0,55.2
159.1,34.3,193.6,2,2,1.8,151,4.9,28,45.4,30.9,56.8,0,40.5
317.9,39.2,360.3,3,2.7,2.4,157,4.3,25,37.7,25,59.7,0,69.9
3.1,10.7,15.1,24,2.4,1.3,329,5.2,56,46.9,22.7,38.4,0.883,36.1
207,34.1,243.1,3,1.7,1.5,142,3.5,31,48.5,26.2,41.6,0,37.3
131.2,32.2,164.9,2,2.2,2.1,135,4.7,17,46.7,24.3,41.2,0,35.4
87.3,30.9,121.6,4,2,0.8,349,4.6,63,40.1,14.7,35,0.63,41.7
66.1,39.9,109.2,8,1.9,0.4,103,4.8,73,44.7,14.2,28.8,0.827,42.7
1,1.3,3,38,18,17.2,205,33.5,17,66.3,18.9,16.3,0.798,59
1.2,2.2,4.2,39,24.1,23.2,215,45.1,15,66.8,14.4,13,0.511,135.7
1,3.9,5.6,35,26.3,21.9,262,47.5,33,57.6,26.1,33.2,0.15,154.8
0.5,3.7,4.6,34,27.7,27.2,283,44.1,11,47.2,31.6,54.5,0.036,51.7
50.9,27,78.3,3,4,3.6,119,7.5,25,47.4,17.5,29.9,0.218,35.6
68.5,31.4,100.3,30,2.9,2.6,155,5.3,26,52.9,17.8,24.9,0.419,36.7
1.1,2,2.6,41,21.9,20.5,247,56.1,20,77.7,15.6,9.6,1.11,41.3
0.7,1.9,2.3,43,26.6,26,277,44.9,12,76.5,18.3,11.1,1.149,112.2
2,3.6,5,53,31.1,30.7,286,48.6,9,70.7,-0.4,5.8,0.189,75.2
2.7,2.3,3.4,55,29.1,28.7,292,47.5,9,66.6,2.5,7.7,0.02,60.1
3.1,2.1,3.4,53,25.9,25.6,292,46.1,9,63.1,3,8.9,0,55.2
2.9,0.4,1.6,54,27.2,26.7,297,50.2,11,60.9,3,9.7,0,55.4
2.3,-1.1,-0.5,56,31.5,30.8,306,55.2,12,57.6,5.7,12.2,0,41.9
2.1,4.5,5.2,34,12.7,12.1,29,23.1,18,62.2,49.6,63.4,0.042,98.7
2.5,4.8,5.7,31,9.9,9.2,18,23.9,23,61.2,50.1,67.1,0,146.3
2.3,4.8,5.6,31,17,16,2,26,19,61,49,64.8,0,57
1.2,4.3,5.2,46,23.4,22.9,275,37.8,11,77.1,16.8,10.3,0.544,36.1
2,2.6,3.7,44,20.1,19.1,258,38.8,18,75.3,18.5,11.6,1.31,36.8
0.4,2.5,2.8,45,19,18.3,255,36.1,16,78.9,21.7,11.9,1.519,49.1
0.9,3.3,4.2,45,19.1,18.1,261,36.9,19,80.8,22.5,11.5,1.504,59.9
0.6,3.7,4.3,46,20.1,19.4,260,39.9,15,81.8,22.6,11.2,1.431,60
0.8,4.9,5.7,46,22.3,21.7,267,41.7,13,82.5,23.6,11.4,1.23,46.6
1.3,5.9,7.3,45,18.5,18,264,33.4,14,83,24.1,11.5,0.955,41.2
1.3,6.2,7.5,43,17.2,16.6,256,30.2,15,83,24.7,11.8,0.626,45.3
0.5,2.9,3.3,46,17.4,16.6,257,44,18,77.7,19.9,11.4,1.388,62.7
0.7,5.7,6.7,44,13.8,13,259,25.4,20,77,23,13.4,0.872,45.4
0.3,6.2,6.8,46,21.9,21.3,270,38,14,78.5,21.2,11.8,0.602,290.8
0.2,4.8,5.3,46,27.8,27,267,52.8,13,77.6,21.2,12.1,0.327,457.9
-1.4,0.6,-0.4,47,27.8,27.2,300,48.3,13,68.1,30.2,24.5,0.199,378.7
-1.3,-1,-2.3,48,25.9,25.4,308,46.8,12,62.5,31.9,31.6,0.048,150.1
-1.2,-1,-2.1,49,22.7,22.2,308,47.9,13,60.9,31.8,33.3,0,39.6
0.6,5.1,5.9,49,19.1,18.5,269,34.5,15,75.5,14.6,9.7,1.249,35.5
0.8,6.3,7.3,49,17.8,17,259,33.4,17,77.7,13,8.5,0.996,40.3
0.6,6.3,7.2,48,17.3,16.8,262,31.7,14,78.5,12.2,8,0.672,51.2
-0.3,5.7,5.6,53,17.2,16.7,258,32.1,14,78.5,12.2,8,0.332,66.3
-0.5,4.2,3.7,56,17.6,17.1,254,31.3,13,77.5,14.1,8.9,0.068,103.8
-0.5,5.3,4.8,53,14.8,14.3,250,29.2,14,76.6,13.9,9.2,0,80.8
0,3.7,3.9,50,13.8,12.8,216,27.1,22,85.3,16.9,7.8,1.509,47.6
0.3,4.1,4.6,47,15.8,14.8,215,32.8,21,87.8,16.5,7.2,1.441,43.9
1.4,5.5,7.1,41,17.3,16.5,218,34.6,18,89.6,16.4,6.7,1.166,66.1
1.4,6.3,8,40,15.9,15.2,225,30.7,17,90.6,16.4,6.5,0.831,134
1.4,6.6,8.3,40,14.8,14,229,30.5,19,90.9,15.4,6.2,0.645,113.4
0.4,6.6,7.2,41,14.9,14.3,237,27.1,17,90.5,13.7,5.8,0.329,100.8
0,5.7,5.7,38,14.8,14.1,261,32.4,17,88.1,16.1,7,0.097,46.7
-0.6,6.8,6.1,35,11.9,11.7,288,21.5,11,83.7,19,9,0,44.6
-0.9,2.6,1.7,38,7.4,7.2,307,17.4,15,80.1,22.1,11.6,0,35.1
20.2,18.9,39.3,8,4.5,4.4,121,7.7,15,63.4,25.7,23.8,0.341,46.5
23.8,23.5,47.6,12,3.5,3.1,148,7.7,29,70.1,25.9,19,0.655,48.4
-0.1,3.4,3.5,59,15.5,14,230,31.1,26,80.7,22.3,11.4,1.409,47
0.2,3.9,4.3,42,16,15.4,289,28.8,15,82.1,23.9,11.8,0.656,45.5
-0.6,-0.1,-0.6,43,19.2,18.5,207,39.2,15,89.3,27.8,11,1.452,70.9
-0.7,0.3,-0.4,42,19.2,18.4,202,34.3,16,90.5,28,10.7,1.069,95.9
-1,1.1,0.1,42,19.3,18.2,229,34.7,19,91.9,25.3,9.2,0.826,133.4
-1.2,0.3,-0.9,42,20.9,19.4,247,36.6,22,91.8,21.7,7.8,0.721,237.8
-1.4,-0.1,-1.3,43,23.5,23.1,272,36.7,11,89,20.1,8.1,0.486,324.7
-1.3,0.6,-0.6,49,21.4,20.9,272,35.9,12,87.1,18,7.8,0.282,214.7
-1.2,0.7,-0.5,52,18.9,18.5,272,30.4,12,85.5,17.7,8,0.089,72.3
-1.2,2.3,0.9,48,15,14.7,280,28.2,10,83.1,18.6,9.1,0,49.6
-0.3,1.9,1.7,47,17.8,16.7,240,41.2,20,89.3,17.4,7.1,1.368,97.5
-0.5,3,2.5,49,17.8,16.9,239,34.7,19,90.2,15.2,6.3,1.236,75.2
-1.1,2.4,1.3,56,17.5,17,267,34.3,15,89.5,12.7,5.7,0.664,69.3
-1.2,3,1.9,55,18.3,17.7,264,32.3,14,87.8,14.7,6.6,0.303,130.1
-1,2.7,1.6,53,19.6,19.1,269,33.4,12,85.4,16.4,7.7,0.094,94.4
-0.8,3.1,2.2,48,17.1,16.9,277,28.4,9,82.8,18.7,9.2,0,38.1
1.9,38.7,40.1,7,0.7,0.2,200,1.8,69,77.9,20.1,11.6,0,71.2
0.7,33.1,33.4,7,2.6,2.2,315,4.6,32,75.7,22.6,15.6,0,37
48.8,38.9,87.4,1,3.3,1.4,167,11.3,62,73,23.3,15.7,0,91.2
-1.4,2.3,0.9,58,9.6,5.2,141,23.7,55,87.1,33.1,16,1.017,51.5
4.5,19.9,24.3,13,2.9,2.6,320,9.4,28,62.7,33.8,32.9,0.063,47
-0.1,7.4,7.5,29,5.4,5.1,67,14.2,20,66.6,51.6,57.6,0.336,56.2
-1.1,4.3,3.3,51,9.1,6.3,170,41.5,45,91,47.9,23,0.417,50.5
-1,4.7,3.9,42,23.4,22.4,136,48.6,17,73.3,56.3,55.7,0.419,151.3
-0.1,3.8,3.8,40,12.9,12.2,224,33.8,19,88.8,51.6,28.7,0.007,53.6
-0.2,1.1,1,40,16.1,15.5,226,32.5,16,81.9,56.4,41.8,0,37
-0.6,-0.2,-0.6,41,15.6,14.2,14,25.8,24,57,8.5,14.3,0.942,43.8
-0.8,0.7,0.2,42,18.4,16.9,14,34.1,23,55.1,2.9,12.1,0.588,59.5
-1,0.8,0.2,45,15.8,14.5,14,25.8,23,53.9,-1.1,10.2,0.388,37.2
141.7,33.5,174.9,3,0.3,0.2,225,0.3,56,47.7,29.3,48.5,0,43.7
161.2,32.2,193,2,0.3,0.1,92,0.6,72,45.7,31.7,57.8,0,46.6
158.3,30.7,188.5,3,0.8,0.7,245,5.4,12,43.8,31.3,61.4,0,53.1
217.6,43.5,259.4,5,2.3,1.7,210,4.6,41,46.2,26.5,45.9,0,50.2
216.2,41.1,255.5,4,0.6,0.3,113,4.5,60,43.6,26.9,51.5,0,62.1
282.9,43.8,325.4,4,2.2,2,150,4.5,23,42.3,27.6,55.4,0,65.7
237.9,40.2,276.5,3,2.8,2.6,145,6.9,22,40.9,27.4,58.6,0,49.1
175,49.1,222.1,5,3.9,3.7,257,7.4,18,49.7,14.7,24.4,0,47.9
217,47.8,263.1,5,2.9,1.9,180,4.8,46,47.2,16.5,29,0,68.4
251.2,47.6,297.3,4,1.5,1,166,4.2,48,45.1,18,33.3,0,56.5
285.4,45.2,329.5,5,2.1,1.7,286,5.2,34,43.6,21.8,42.5,0,71
272,43.1,313.8,4,1.9,1.6,148,4.1,33,42,20.1,41.7,0,57.1
243.9,45.6,288,3,4.8,4.7,140,9.1,10,38.9,20.5,47.6,0,53
132.2,37.5,168.6,1,1,0.5,156,2.8,55,51.8,28.5,40.4,0,36.9
220.6,40.2,260.1,2,1.3,1,241,3.4,35,50.1,29.5,44.8,0,36.4
314.9,43.4,358.1,3,2.6,2.1,104,4.5,34,47.6,29.8,50,0,63.1
237,39.8,276,2,2.1,0.8,285,3.5,63,47.1,29.8,51.3,0,41.2
245.1,39.8,284.3,2,1.4,1.3,132,3.5,28,46.1,30.4,54,0,39.2
3.6,4.4,6.4,42,19.5,19,250,42,13,79.4,24.7,13.2,0,61.2
0.4,7.1,8.1,50,25.1,24.7,283,42.3,9,59.6,13.2,16.1,0.45,65.9
1.4,5.9,7.3,52,28.8,28.4,283,48.4,10,61,10.1,13.3,0.752,101.6
2,5.5,7.1,52,31,30.4,288,50.8,11,61.7,4.8,10.3,0.977,162.1
1.1,3.8,4.6,55,31.4,30.7,292,54.1,12,61.5,1.2,8.8,1.188,133.6
2,4.8,6.3,54,30.8,30.3,281,47.7,11,61.6,-1.3,7.7,1.305,125.3
1.9,5.4,6.9,54,29.2,28.5,284,48.3,12,61.1,-3.7,7.2,1.359,78
1.7,5.1,6.5,55,26.3,25.7,286,43.5,13,61.2,-3.5,7,1.29,42.9
2,6.1,7.8,53,25.3,24.7,289,44.1,13,61.5,-1.3,7.7,1.114,40.4
1.9,5.9,7.4,53,22.8,22,287,40.1,15,62.1,-1.1,7.7,0.535,59
2.1,6.7,7.9,58,19.7,19.3,290,34.3,12,62,-1,7.6,0.208,57.1
0.3,2.8,3,54,18,17.5,298,30,14,67.9,17.4,14.3,1.352,52.4
1.8,5.3,6.9,55,20.6,20,281,35.6,13,72.5,13.7,10.6,1.456,45.6
2.2,6,8,52,23,22.5,280,37.1,12,73.7,15.5,10.7,1.445,41.5
6.6,24.8,31.6,30,9,8.7,191,20.9,15,68.7,17.4,13.9,0.253,38.5
3.6,11.3,15,44,13.8,13.4,202,25.1,14,72.3,16,11.7,0.887,55.7
2.2,8.3,10.5,51,20.7,19.4,260,43,20,81.9,15.3,8.2,0.971,41.9
1.8,7.6,9.4,46,20.9,20.5,276,34.2,11,80.3,19.7,10.3,0.708,53.7
2.4,8.6,11,41,21.8,21.4,274,35.9,11,79.3,22.9,12.3,0.469,83
1.7,6.6,8.2,41,23.3,22.8,269,39.7,11,77.4,23.8,13.6,0.21,80.8
1.4,5.1,6.2,41,24.9,24.5,272,44.4,10,74.6,25.4,15.9,0.031,99.8
1,4.2,4.9,43,23.8,23.5,276,41.5,9,71.7,27.9,19.5,0,44.2
0.2,12,12.3,70,14.1,13.9,278,24.1,10,86.5,12.2,6.2,0.066,40
0.2,15.9,16.2,63,10.4,10.2,270,18.1,10,84.8,12,6.4,0,50.8
0,14,14,59,10.1,9.7,282,17.1,16,82.9,13,7.2,0,57.1
0,15.1,15.1,52,9.8,9.6,284,15.1,12,79.8,12.2,7.6,0,44.8
1.3,30.4,31.7,24,8.2,8.2,276,13.6,8,77,11.7,8.2,0,40.4
0.3,13.1,13.2,25,5.6,5.2,263,11.5,20,79.3,17.2,9.6,0,37.8
0.8,23.1,23.9,13,3.1,0.4,190,8.4,75,76.8,20.4,12.1,0,40.1
16.4,32.2,48.4,2,3.6,3.3,127,6.5,22,72.8,23.7,15.7,0,46.9
33.6,32.6,66,1,3.6,0.8,128,7.5,72,71.3,22.3,16.1,0,38.5
33.8,30,63.5,4,4.8,3.9,130,8.5,35,70.9,22.3,15.9,0.073,46.3
18.1,39.4,57.4,4,0.5,0.3,150,1.1,52,91.4,32.5,12.4,0,58
0.7,3.1,3.4,39,14.1,13.6,277,25,14,89.9,35.8,14.8,0,80.7
0.4,3.8,3.9,40,16.9,16.7,285,32.1,9,88.9,37.4,16.3,0,39.5
0.3,1.7,1.7,43,24,23.7,281,48.8,10,87.8,38.5,17.6,0,54.2
-2.6,-2,-2.9,33,13.7,13.2,66,24.8,15,43.1,14.1,30.6,0.295,37.8
-3,-1.7,-3,35,15.2,14.8,66,31,13,41.8,13.2,30.9,0.218,41.9
-1.2,0,-0.2,35,14.8,14.4,65,27.5,13,39.7,13.4,33.9,0.09,43.4
194.9,63.9,257.1,3,0.4,0.4,148,2.4,13,57.3,16,19.4,0,46.2
145.8,57.4,201.9,3,0.3,0.1,87,0.3,71,53.8,20.2,26.6,0,58.1
153.6,55.9,208.2,3,0.6,0.6,128,3.3,14,51.6,18.3,26.7,0,53.5
218.8,53.5,270.4,3,0.9,0.9,118,4.4,17,48.4,19,30.9,0,58.3
86,42.2,127.4,3,2.6,2.5,122,6.2,15,46.2,16.5,30.1,0,35.9
263.6,46,308,3,0.5,0.4,236,3.8,37,47.5,29.8,50.6,0,58.5
317.1,49.2,364,4,1.3,1.2,107,3.8,10,43.8,24.6,46.7,0,78.6
114.5,37,150.6,2,2.9,2.8,122,7.9,10,41.9,21.1,43.5,0,35.2
79.7,43.8,117,1,1.6,0.8,52,3.8,56,56.7,37.4,48.6,0,37.9
84.8,42.5,120.8,2,1.7,1.4,44,3.8,37,55.7,37,49.3,0,45.7
169.7,46.6,209.3,1,1.8,1.4,215,5.7,38,54,38.4,55.4,0,47.3
209.5,43.8,246.2,3,2.8,2.7,97,4.6,11,50.7,37.7,60.9,0,56.3
148.2,39.6,181.1,2,1.6,1.4,171,3.6,29,49.2,37.2,62.9,0,48.9
3.6,31.6,30.5,16,2.2,1.5,321,4.9,45,61.8,38.8,42.7,0.145,36.4
160,37.6,190.8,2,1.2,0.7,151,2.5,52,48.2,37.2,65.7,0,43
135.7,34.2,163,1,1,0.5,114,2.7,56,46.6,37.7,71,0,39.9
116.1,31.9,141.2,1,1.4,1.3,98,2.9,22,45.4,36.3,70.4,0,35.4
6.8,14.9,16.7,18,4.5,4.2,154,8,21,56.6,37.7,49.1,0.652,39
146.2,42.2,188.5,3,2.5,2.1,255,5,32,56.6,24.8,29.1,0,41.6
174.3,42.7,216.9,2,1.9,1.7,270,4.2,24,54.8,25,31.4,0,40.3
165.3,44.5,209.7,2,3.1,2.9,253,4.5,20,53.7,25.4,33.3,0,58.1
268.4,42.5,310,4,3.2,3.2,212,5.3,11,50.4,26.9,39.9,0,73.1
254.2,40.6,293.9,4,2.2,2.1,194,3.9,15,49.3,27,41.8,0,67.7
251.3,42.3,292.8,3,2.8,2.5,140,5.4,28,47.9,27.2,44.5,0,73.5
92,33.8,127.2,3,1.7,1.2,353,4.4,45,41.3,19.2,40.8,0.414,40.5
218.1,39,256.5,2,3.4,3.3,102,5.7,13,43.3,26.8,52,0,63.3
75.3,31.1,106.5,1,4.6,4.5,110,7,12,40.7,26.6,57,0,37.3
164.5,29.5,195,1,3.4,2.4,197,8.9,45,42.1,28.2,57.9,0.148,45.2
191.9,30.1,222.8,1,4.7,4.6,123,7.7,10,45.7,25.7,45.4,0.145,37
151.8,36.8,189.9,2,4.7,4.5,137,7.6,14,51.7,26.6,37.6,0.411,43.5
75.5,38.1,115,7,4.3,4.1,143,8.7,20,57.4,26.9,31.1,0.615,53.3
160.9,38.4,199.1,2,2.9,2.8,158,6,16,61.9,27.2,26.6,0,35.6
163,33.9,196.8,2,2.7,1,119,6.4,65,58.7,28.3,31.8,0,55.7
170.5,33.9,204.2,2,4.6,4.1,115,8.9,26,55.4,26.9,33.2,0,74.3
87.5,27.9,115.5,1,2.6,2.2,82,7,33,52.9,26.2,35.5,0,76.8
0.6,5.4,7,29,14.2,13.7,252,33.1,14,58.7,31.6,35.7,0,38.6
-1.6,-0.9,-1.2,36,28.5,27.5,295,47.9,15,51.3,36.6,57.7,0.408,130.2
0.5,4,5,46,32,31.6,278,53,9,64,25.7,23.3,1.001,57.6
0.2,3.9,4.8,48,30.3,29.8,273,52.4,10,65.4,22.9,19.8,1.187,47.9
0.2,3.8,4.5,50,32.2,31.6,278,51.5,11,66.9,19.2,16.1,1.313,36.5
1.4,4.4,5.8,50,23,22.3,251,41,14,76.5,18.5,11.2,1.041,48.3
1.2,3.5,4.8,48,25.2,24.5,258,45.9,14,78.2,21,11.8,1.227,65.8
1.1,3.7,4.9,46,26,25.3,265,44.4,13,79.6,23,12.2,1.29,99.3
1.5,5,6.6,46,21.7,20.9,258,41.6,15,80.9,23.5,12,1.273,164.1
1.5,3.9,5.4,41,27.6,26.8,266,46.4,14,82.1,24.7,12.1,1.194,79.5
2.8,6,8.8,40,23,22.3,261,40.3,14,82.6,24.9,12,1.023,39.9
2.5,5.7,8.1,41,22.3,21.7,257,42.6,14,82.9,24.6,11.8,0.765,39.8
2.1,5.9,7.9,41,22.6,21.7,259,40.2,16,82.9,25.4,12.2,0.448,44.4
1.8,5.9,7.5,40,23.3,22.6,268,41.7,14,81.7,27.3,13.6,0.18,52.4
0.9,7.2,7.8,46,20.1,19.8,283,34,10,78.7,32,18.2,0.033,65
1,5.9,6.4,43,21.3,21,282,39.1,10,75.9,33.2,21,0,67.3
0.4,3.7,3.9,42,21.8,21.5,285,37.9,10,73.7,34.7,24,0,70.5
-0.1,2.1,2.1,40,16.7,16.3,292,31.2,13,72.4,35.1,25.6,0,42.4
6.2,22,29,23,7.5,7.3,253,14,14,65.9,22.8,19.3,0.181,43.4
5.8,17,23.6,28,8.2,7.9,260,14.7,15,68.4,22.9,17.7,0.491,51.4
2.2,7.8,10.5,38,12,11.6,260,22,16,71.2,26.3,18.4,0.785,56.8
1.4,4.7,6.1,44,14.8,14.3,269,25.7,16,74.3,28.7,18.4,1.037,43.6
1.7,4.7,6.5,42,22.1,21.4,269,36.8,14,83.3,30.4,14.8,1.271,62.5
2,6.2,8.4,41,22.1,21.5,264,39.3,13,84.5,30.6,14.3,1.036,62.7
2.8,7.1,10.1,39,19,18.3,244,36,16,85.7,31.8,14.5,0.826,52.2
3.3,5.4,8.8,31,22.6,21.8,257,41.5,14,83.8,30.4,14.4,0.901,52.6
3.4,5.9,9.4,30,19.7,18.9,252,34.2,16,82.9,31.6,15.7,0.492,75.4
3.5,6.6,10.3,29,17.8,17,247,34,17,82.4,31.5,15.9,0.303,51.6
3.4,3.8,6.7,45,25.9,25.2,260,48,13,75.7,22.1,13.4,0.461,62
2.7,3,5.2,42,24.2,23.6,264,41,12,73.8,21.7,14.1,0.208,45.8
0.8,4.5,5.1,48,17,14,171,47.4,34,75.9,48.2,39.3,0,144.5
1.4,8.3,9.4,43,11.1,9.8,207,22.9,28,69.6,51.4,52.5,0,55.6
1.2,12,13,36,4.7,2.7,166,10.6,54,68.5,54.2,60.4,0,40.3
100.7,43.5,144.7,2,2.5,2.2,269,5.6,25,74.8,30.8,19.8,0,132.4
164.4,41.4,206.6,2,2.5,1.7,147,8.3,47,71.5,34,25.2,0,62
17.7,25.1,44.5,12,1.7,0.3,43,4.7,72,46.4,17.3,31.1,0.362,40.9
211.9,47.8,257.1,3,3,2.9,143,6.1,19,56.9,31.1,37.4,0,43.8
97.6,43.3,139.4,2,4.3,4.2,133,6.3,10,54.5,29.4,38.1,0,38.2
241.5,37.6,277.3,5,2.6,2.4,229,5.5,19,70.5,37.8,30.4,0,55.4
136.6,32.3,167.5,3,3.2,2.8,125,6,26,66.2,39.3,37.1,0,37.4
3.2,1.5,2.5,43,16.3,16.1,271,28.1,11,68.6,22.1,17.1,0,10.6
3.2,0.8,1.9,44,16.1,15.9,270,25.7,9,67.4,21.9,17.6,0,8.6
2.9,0.6,1.4,44,13.1,12.8,273,24.9,13,65.9,22.7,19.2,0,10.5
2.8,0.7,1.4,41,7.3,7,317,15.6,17,62.4,25.1,24,0,11.8
1.7,1.6,1.8,39,5,4.8,344,9.4,20,61.6,25.4,25,0,13.3
-0.5,3.6,3.1,34,6.1,5.3,300,17.6,30,61.1,25.2,25.3,0,11.5
16.8,28.8,45.6,11,5.7,1.6,254,15.5,69,60.5,24.7,25.3,0.133,19.5
11.6,21,32.3,20,6.4,1.3,137,18.9,73,62.8,23.7,22.6,0.462,21.2
3.4,7.9,11,37,11.6,10.5,232,25.6,24,67.1,22.6,18.3,0.772,16.7
1.7,3.4,4.7,41,15.2,14.6,253,26.4,15,68.5,22.2,17.2,1.115,13.9
2,3.4,4.7,40,15.1,14.3,247,29.9,18,69.7,21.1,15.8,1.335,12.8
2.3,3.3,4.8,41,16.4,15.6,249,32.7,18,72,20,13.9,1.45,11.8
2,2.1,3.1,43,18.2,17.2,253,37.9,20,73.6,19.2,12.7,1.431,20.1
2.6,4.3,6.1,42,20.3,19.5,263,39,16,76.6,18.1,11,1.079,30.9
2.2,4.5,6.1,44,21.1,20.3,268,39,15,77.4,17.4,10.4,0.879,23.6
2.6,5.3,6.5,46,21.2,20.8,270,37.4,11,76.2,17.1,10.7,0.24,26.4
3.7,7,8.6,45,18.1,17.4,274,31.1,16,74.8,17.5,11.4,0.025,23
2.9,0.5,1.3,56,13.6,13,317,26,17,71.3,18.6,13.2,0,22
2.7,0,0.6,59,14.3,13.8,308,27.8,15,69.9,18.9,14.1,0,18.6
2.9,1.8,2.6,53,9.7,9.4,298,22.4,15,68.2,19,15.2,0,21.4
3.3,11.8,13,35,9.4,9.2,275,20.9,12,65.8,18.8,16.4,0,15.4
-0.6,3.8,2.9,36,7.1,6.8,281,12.1,14,75.9,23,13.8,0,13.5
-0.3,1.1,0.6,45,11.4,11.1,265,19.3,13,75.9,20.1,12.3,0,9.2
-0.6,1.3,0.4,46,8.5,8.4,273,16.7,11,74.1,19.9,12.9,0,13.1
-0.7,1.2,0.3,45,9.8,9.7,283,21.5,10,72.3,22.6,15.3,0,9.9
-1,2.2,1.1,42,5.4,4.9,299,14.3,25,71.1,27.3,19.3,0,11.1
1.5,13.4,14.9,30,7,6,254,14.8,31,71,27.6,19.8,0.073,14.9
1.2,9,10.3,36,9.9,9.5,273,17.7,16,70.6,27.2,19.6,0.345,14.8
1.7,6.7,8.4,39,15.5,15.1,271,31.9,13,72.5,26.4,18.2,0.677,24.7
0.3,3.4,3.7,45,17.6,17,269,30.1,15,74.2,24,15.3,1,21.2
0.3,3.2,3.5,46,18,17.5,267,30.6,13,76,21.1,12.9,1.261,19.2
0.5,5.6,6,45,16.2,15.6,271,27.5,16,82.2,23.4,11.5,0.325,34.6
0.1,5.3,5.3,44,15.1,14.9,277,27.6,10,80.6,23.4,12.1,0.077,28.2
-0.1,7.6,7.3,43,12.7,12.5,273,26.2,12,78.9,21.7,11.8,0,14.8
-0.2,6.5,6,43,10.5,10.2,264,20.6,12,77.5,22.1,12.6,0,11.2
-0.3,6.5,6,40,11.6,11.4,279,19.4,11,74.7,21.6,13.6,0,11.5
-0.9,2.7,1.6,50,11.9,11.6,299,24.6,12,72.3,25.8,17.5,0,11.2
-1,-1.1,-2.3,53,14.7,14.4,303,24.7,11,71,28.7,20.7,0,12.6
-1.4,-0.1,-1.4,48,6.6,6.3,268,14.8,16,77.5,24.1,13.7,0,9.7
-1.2,0,-1.1,50,7.4,7.1,271,21.3,16,75.7,23.3,14.2,0,8.3
-1.2,-0.6,-1.8,54,9.1,8.8,275,18.5,13,74.4,20.5,13.1,0,9
-1.2,0,-1.1,55,11,10.8,282,19.6,11,72.5,18.7,12.9,0,7.4
-1.1,5.8,4.9,49,11.3,11,278,20.8,13,70.9,20.1,14.5,0,13.7
-0.9,11.6,11,41,11.1,10.8,291,21,12,68.5,24.2,18.6,0.032,15.4
-0.4,10.5,10.3,40,9,8.8,302,17.1,12,67.3,27.5,22.3,0.196,19.4
0,8.6,9,42,11.4,11.1,288,18.9,11,68.6,27.4,21.2,0.423,14.1
0.4,6.7,7.4,48,11.1,10.7,271,21.3,15,71.2,24.6,17.5,0.598,11.6
-0.1,5.9,6,57,13.1,12.5,250,27.2,18,72.9,19,13,0.647,11.7
-0.2,4.7,4.7,61,14.6,14,243,29.5,17,73.7,14.6,10.5,0.678,17.7
-0.4,4.4,4.2,59,13.7,13,241,24.2,18,74.2,15.3,10.6,0.769,12.7
-0.2,4,4,54,15.2,14.3,267,27.5,19,74.9,18.7,11.9,1.026,14.9
0.1,4.3,4.6,47,12.8,12.2,257,29.5,17,75.4,22.4,13.7,0.922,23.1
-1.1,2.1,1,56,11.3,11.1,268,21.4,13,71,12.1,10.2,0,10.3
-0.9,0.6,-0.2,57,11.8,11.6,276,21.8,10,69.1,13,11.3,0,11.2
-1,0.3,-0.7,56,11,10.8,269,19.5,10,67.7,14.2,12.5,0,26.3
-1.3,0,-1.2,56,12.2,12,265,20.2,10,67.3,15,13.2,0,17.4
-0.5,12.2,11.9,38,10.6,10.5,274,17.5,8,64.6,15.6,14.8,0,21.8
6,34.3,40.5,18,7.4,7.3,274,13,11,63.9,16.9,16.1,0.066,27.7
11.3,30.3,41.8,20,4.6,2.5,157,9.9,54,65.1,17.3,15.7,0.343,28.3
6.7,23,29.9,30,2.6,1.9,143,7.8,43,67.4,17,14.5,0.652,24.4
3.5,14.7,18.4,45,9.8,8.9,202,21.3,25,72.4,17.9,12.6,1.003,20.4
0,5.2,5.6,54,11.9,11.4,209,23.9,17,75.7,18.7,11.5,1.271,14.2
-0.1,4.1,4.3,53,14.7,13.9,222,26.7,19,78.8,18.1,10.3,1.457,17.5
-0.1,3.4,3.6,52,14.5,13.4,215,31.8,22,82.2,17.7,9,1.533,24.3
-1.1,1.8,0.7,39,10.6,10.1,289,25.5,17,78.3,21.1,11.9,0,17.4
-0.6,6.7,6.1,34,10.1,9.8,279,21.1,13,76.8,21.5,12.6,0,26.7
-0.9,4.9,3.9,36,7.6,7.2,270,21.6,19,75.3,22.6,13.9,0,21.1
2.7,12.7,15.5,7,3.7,3.4,122,8.9,22,69.4,26.2,19.7,0.043,28.7
4.7,14.1,18.8,13,3.3,2.8,282,6.1,33,72.6,27.4,18.7,0.188,25.3
1.5,7.8,9.4,25,7.5,7.3,283,13.8,12,77.2,30.7,18.3,0.429,17.3
-0.3,2.7,2.4,31,6,5.8,271,11.2,17,79.2,31.5,17.7,0.61,10.2
-0.8,1.8,1.2,35,3.7,2.1,214,8,54,80.6,30.8,16.5,0.79,7.1
-0.5,3.7,3.3,42,7.3,6.8,176,15.5,22,83.8,29.1,13.7,1.141,10.7
-1.1,1.2,0.2,46,14.6,13.1,181,39.6,25,87.4,28.4,11.9,1.503,22.9
-1.5,3.4,1.7,44,10.2,10,292,19.7,10,80.4,19.5,10.3,0,33.8
-1.3,5.1,3.7,42,11.4,11.3,282,20.8,9,79,18,10.2,0,15.2
-1.5,1.6,-0.1,38,13.1,12.8,278,22.2,11,77.8,20,11.5,0,12.4
-1.2,0.1,-1.3,43,12.5,12.4,279,20.9,9,75.5,23,14,0,12.9
-1,-0.6,-1.8,41,13.7,13.6,284,20.6,7,73.6,26.1,16.9,0,14
-1.1,0.7,-0.5,38,11,10.9,279,19,8,72.3,29.2,20.1,0,12.1
-1.3,0.2,-1.2,36,12.3,12.2,283,18.6,7,70.9,30.7,22.5,0,9.7
-1.4,0.3,-1.3,36,13.6,13.5,283,18.8,6,69.8,31.4,24.1,0,8.5
-0.4,6.8,6.3,26,12.4,12.3,278,17.8,7,68.2,31.9,25.9,0,10.7
1.3,13.9,15.3,19,9.4,9.2,273,16.7,12,67.6,32.3,26.8,0.073,16.1
7.4,15.5,23,18,5.2,4.6,221,8.9,26,69.5,32.6,25.6,0.353,23
5.1,13.4,18.6,24,3.8,2.5,233,9.9,47,71.8,32,23.1,0.667,20.1
1.2,6.2,7.5,33,6.4,5.4,202,13.7,33,75.7,29.9,18.5,0.984,19.4
-0.2,2.1,2,35,10.3,9.2,232,22.3,27,79.2,28.1,15.5,1.253,10.1
-0.6,0.6,0,36,12.3,11.2,267,27.5,25,80.9,27.5,14.2,1.42,17.5
-0.9,0.3,-0.4,37,9.8,8.2,247,23.9,33,83.4,26.1,12.4,1.514,9.1
-0.5,1.1,0.7,41,15.5,14.1,248,31.1,24,87.3,20.7,8.8,1.515,33.7
-0.7,16.1,15,19,3.3,3.2,107,6.8,16,65.6,14.8,13.9,0,17
-0.9,10.9,9.7,19,0.7,0.5,115,3.1,34,64.5,16,15.3,0,26.2
-0.6,12.7,11.8,12,0.3,0.1,71,0.3,72,64.1,25,23.9,0,30.8
0.7,17.5,17.8,4,0.3,0,186,0.3,75,62.8,28.3,27.6,0,24.6
7.9,20.8,28.6,2,4.1,3.8,123,10.7,19,61.8,18.3,18.4,0,7.7
-1.1,-0.4,-1.6,52,9.2,8.3,102,20,26,80.4,44.7,28.7,1.234,9.7
-1.3,0.4,-0.9,53,7.8,6.5,129,17.8,34,82.9,41.5,23.5,1.396,10.9
-1.3,1.6,0.4,58,7.3,3.5,171,23.4,58,84.7,34.8,17.1,1.403,6.5
-1.7,0.9,-0.7,63,6.2,2.6,101,17.4,62,85.8,29.9,13.6,1.253,12.4
-1.4,2.8,1.4,54,8.7,7.6,134,19.6,29,85.4,44.1,23.8,0.616,14.1
-1.7,1.3,-0.3,54,8.2,7.7,121,17.3,21,84.6,45.5,25.5,0.347,18.1
-1.4,0.8,-0.9,50,11.7,11.4,122,20.2,13,82,48,30.5,0.101,21.5
-1.5,1.1,-0.6,47,11.1,10.9,113,22.1,12,78.3,51,38.5,0.001,19
-1.6,0.9,-0.9,43,8.9,8.7,111,16.5,14,75.2,52.3,44.8,0,14.6
-1.5,0.6,-1.2,39,5.2,4.8,115,11.1,20,72.9,53,49.6,0,13.5
-1.6,3.4,1.6,33,5.7,5.5,134,9.4,17,71.3,53.9,54.2,0,13.1
-1.4,1.6,0,33,4.4,4.3,125,9.4,13,69.5,54.6,59.2,0,9.5
-0.9,-0.5,-1.5,36,8.9,8.7,123,16.9,13,71.8,54.1,53.6,0,8.3
-1,0.4,-0.8,35,6.4,6.2,119,12.4,12,70.6,54.4,56.4,0,4.8
-1.4,0.4,-1.2,32,5.3,5.1,114,9.8,14,69.6,54.5,58.8,0,5.4
-1.2,1.7,0.3,31,4.6,4.5,111,9.5,14,68.8,54.4,60.2,0,3.9
-0.4,3.1,2.9,39,6.8,6.2,146,16.9,25,79.1,54,41.9,1.185,10.9
-0.9,3.2,2.4,45,5.9,4.1,169,14.3,44,82.2,53.1,37,1.352,12
-1.2,2.1,1,49,6.1,3.8,163,14.8,50,85.1,52.6,32.7,1.444,9.9
-1.1,1.8,0.8,52,6.4,3.9,147,18.4,51,87.8,51.7,29.1,1.418,7.4
-1.5,1.7,0.4,53,6.4,4.4,149,18,45,90.7,50.5,25.4,1.397,8
-1.2,2,1,54,4.9,1.2,198,24.1,71,91.5,49.1,23.7,0.758,7.3
-0.8,5.9,5.3,39,15,14.5,135,30.2,14,76.1,51.9,43.2,0.219,3.6
-1.2,6.3,5.3,39,12.9,12.5,147,24.4,13,74.4,52.5,46.4,0.065,18
-1.1,9.5,8.4,32,6.5,6.2,144,15.7,16,73.2,54.6,52,0.001,14.7
-1.2,5.4,4.1,35,8.9,8.4,138,18.9,21,72.1,54,53,0,4.6
-1.3,1.6,0.2,38,7.3,7.1,123,17.3,15,70.9,53.1,53.4,0,3.4
-1.3,1.8,0.4,39,6,5.7,112,16.9,19,70.6,53,53.7,0,5.7
-1.1,1,-0.2,38,7.6,7.1,80,18.3,22,71,53.4,53.8,0,5.5
-0.4,8.1,8,25,4,3.9,44,8.1,16,74,58,57.3,0.002,7.8
0.5,11.2,12.1,21,1.9,1.7,69,5.1,26,75,57.7,55,0.14,6.7
0.1,4.5,4.9,31,2.7,1.4,65,5.5,57,77.2,56.8,49.3,0.437,4.9
-0.3,1.7,1.7,35,4.1,3.4,175,8.6,34,79.5,55.9,44.4,0.761,5.4
-0.3,3,3.1,44,5.2,3.2,263,11.4,50,81.8,54.3,39.2,1.04,6.6
-0.8,0.8,0.4,48,7.4,6.4,257,17.9,30,85.3,52.3,32.6,1.255,3.8
-0.5,0.5,0.3,51,6.7,5.7,251,14.8,31,87.4,52.2,29.9,1.338,3.7
-0.8,0.1,-0.4,53,7,5.7,282,17.7,36,88.7,51.9,28.6,1.33,3
-0.6,-0.1,-0.4,51,7.5,6.8,297,17.7,26,89.9,51.4,27.3,1.247,2.4
-0.8,-0.7,-1.1,51,5.7,4.3,275,13.9,41,91.7,50,24.1,1.07,1.2
-1,-1,-1.5,50,7,5.6,288,22.4,37,92.5,48.9,22.8,0.847,1.8
-0.8,-0.7,-1.1,49,7.2,6.7,280,15.1,22,93,48.8,22.1,0.501,3.3
-0.4,1.5,1.4,44,6.5,6.1,272,11.3,21,92.6,49.1,22.8,0.11,5
-0.4,0.4,0,43,7.3,4.5,277,19,50,80.3,58,46.5,0.004,11.6
-0.4,2.6,2.3,37,4.5,3.8,173,10.1,31,73.8,64.2,71.7,0.007,11.4
-0.4,5.4,5.1,23,3.1,0.7,56,8.6,72,75,65.7,73.3,0.001,7.3
-0.3,5.6,5.5,19,2.3,2.1,312,4.8,25,75.8,65.5,70.6,0.001,5.8
-0.7,0.3,-0.4,43,13.7,13.4,258,26.5,11,67,24.2,19.7,0,6.2
-0.5,-0.4,-0.8,43,12.6,12.2,259,21.6,14,65.4,23.4,20.1,0,4.7
-0.6,3.3,2.8,34,6.4,6.2,284,11.8,14,60.7,25.4,25.9,0,6.1
-0.6,4.1,3.6,31,7.7,7.7,293,12.6,8,57.7,25.8,29.3,0,4.7
0.8,12,12.9,23,8.5,8.2,278,13.7,16,56.1,24.4,29.2,0,5.7
8.1,26,34.3,9,7.1,6.9,275,13.2,16,55,22.7,28.2,0,9.3
21.4,32.4,54.2,3,6.3,6.2,279,11.1,12,55.2,19.9,25.1,0.034,10.9
30.8,31,62.2,5,6.4,6.3,279,12.1,10,55.2,18.2,23.1,0.104,14.6
18.4,24.1,42.9,14,8.8,8.7,276,15.4,10,56.2,16.5,21.1,0.359,14
4.2,8.1,12.7,33,11.9,10.8,308,20.9,24,59.3,16,18.3,0.676,9.1
0.6,1.5,2.3,31,12.8,12,8,22.4,21,57,18.3,21.7,0.684,12.4
-0.5,0.9,0.7,33,12.8,12.1,4,20.2,19,56.4,15.8,20.1,0.57,21.5
-0.4,0.2,0,37,14.7,13.7,8,24.2,21,56.2,12.5,17.6,1.095,34
-0.7,1.8,1.4,46,16.4,15,15,26.2,23,52.4,-3.2,9.9,0.173,25.2
-0.7,2.5,1.9,45,14.3,13.3,8,21.6,22,51.1,-3.4,10.1,0.005,9.7
-0.6,3.7,3.1,43,12.4,11.7,8,20.1,19,49.8,-6.2,9.4,0,5.6
-0.8,3.8,3.1,41,11.4,10.9,6,18,17,48.4,-6,9.9,0,5.6
-0.6,5.4,4.9,37,9.3,8.8,9,16.8,19,47.3,-4.1,11.3,0,4.6
-0.7,4.9,4.2,36,10.5,9.4,22,18.9,27,45.7,-7.6,10.2,0,5.5
-0.7,4.4,3.8,35,9.1,8.2,24,15.1,25,43.7,-6.7,11.6,0,6.7
-0.4,10.1,9.7,24,4.3,3.8,81,9.7,28,40.4,-5.7,13.7,0,4.6
137.3,18.6,155.9,0,0.5,0.4,235,4,33,57.7,38.5,48.8,0,28.3
117.7,17.5,135.2,0,0.5,0.5,89,3.2,16,56,37.9,50.6,0,23.3
112.5,18.9,131.3,0,0.7,0.7,131,4.1,13,55.3,37.3,50.5,0,22.1
91.8,15.3,107.3,0,0.5,0.3,309,4.9,59,54,39.9,59,0,19
88.3,16.8,105.2,0,0.5,0.5,293,4.7,26,54.1,37.2,53.1,0,16.2
90.9,15,106.1,0,0.3,0.2,256,0.3,48,53.7,36.4,51.9,0,14.9
96.1,13.7,110.1,0,0.6,0.5,343,4.7,41,52.1,38,58.4,0.02,17.6
51.7,16.9,68.9,2,0.3,0.2,47,0.3,51,54.6,33.5,45.4,0.177,13.6
16.1,13.5,30,10,2.5,2.4,358,5.9,19,59,29.7,33,0.53,7.3
15,14.6,30,13,2.5,2.4,335,6.9,17,63.4,31,29.5,0.771,10.8
7.1,11.6,19,21,3,2.6,325,5.7,27,68.6,31.3,25,0.952,5.9
6.6,12.8,19.7,25,2.6,1.9,305,5.5,43,72.2,33.6,24.1,1.019,5.2
4,10.2,14.4,30,4,3.1,141,9.6,37,75.7,36.1,23.6,0.999,5.1
3,8.6,11.8,35,4.6,3.4,133,9.1,41,77.6,38.9,24.8,0.884,6.3
1.5,5.3,7.1,34,5.2,4.5,159,13,30,79.1,39.5,24.4,0.678,3.9
1.8,5.3,7.4,31,4.2,3.6,175,10.7,29,79.2,40.8,25.3,0.367,3.2
-0.1,2.5,2.5,32,0.9,0.8,101,6.3,28,78.6,41.8,27,0.105,4
-0.3,4.3,4.2,26,0.3,0.3,68,0.9,17,77,42.6,29.4,0.002,6.9
0.6,12.8,13.5,12,0.5,0.4,32,2.5,21,74,43.3,33.3,0,7
4.8,17.2,22,13,2.9,2.8,75,9.7,18,72.3,39.1,30.3,0,6
8.6,17.7,26.3,14,1.3,1,145,8,42,70.5,35.8,28,0,6
1.4,14.4,15.8,20,3.2,1.4,86,8.6,61,68.2,34.6,28.9,0,7.1
0.1,14.7,14.8,18,2.5,2.1,18,4.7,32,67.3,36.5,32.2,0,7
-0.1,16.9,16.8,14,3.3,3.1,68,6,19,65.6,38.1,36.4,0,4.9
1.9,10.1,12.1,11,4.2,4.1,141,7.2,14,39.4,22.1,49.4,0,5.4
2.1,10.8,12.9,8,3.6,3.5,122,6.1,12,38.3,23.2,54.1,0,4.2
0.9,7.1,8.1,10,2.4,2.4,104,5.6,14,37.5,23.8,57.5,0,1.8
5.4,15.1,20.5,1,2.6,2.6,115,5.2,10,36.6,24,59.9,0,3.1
3,13.5,16.5,2,3.7,3.6,118,5.7,12,36.1,24.4,62,0,3.4
15.7,15.2,31,0,2.5,2.4,119,4.8,14,35.4,24.4,63.9,0,4.1
39.2,14.8,54.2,0,4,3.9,123,7.2,10,35.2,24.6,65.1,0.007,7.2
77.9,15.3,93.7,1,3.5,3.2,129,6.7,20,36.4,25,63,0.104,14
57,14.9,72.3,6,4.7,3.4,244,11.3,43,41.1,25.8,54,0.502,16.5
11.4,7,18.8,13,9.1,8.9,276,14.3,13,44.3,27.5,52,0.781,6.4
7.4,5.8,13.7,18,10.2,9.8,283,16.8,16,46.7,27.5,47.1,0.95,4.8
5.2,5,10.6,22,10.3,10,282,18.1,14,50.2,28.1,42.2,1.036,5.2
4.5,5.3,10.1,26,13.9,13.6,282,20.8,11,53.3,28.6,38.4,1.017,5
3.6,5.4,9.4,29,13.3,13,285,20.5,10,55.6,28.6,35.4,0.905,4.8
3.7,5.7,9.8,29,11.6,11.3,273,18.7,12,58,28.6,32.2,0.698,4.2
6.2,10.4,17,24,11.3,11.1,277,18.1,12,59.8,28.2,30,0.429,5
8.5,14.9,23.6,16,9,8.8,268,17.2,12,60.6,28,28.9,0.143,4.8
21.8,24.2,46.2,4,6.6,6.4,253,14.1,14,59.2,29.4,32.1,0.001,8.3
11.9,21.4,33.4,7,8,7.7,268,14.6,15,57.9,30.6,35.3,0,7.9
6.5,17.9,24.3,11,7.1,6.9,258,14.6,13,57,31.5,37.8,0,5.4
2.9,14.6,17.6,14,9.3,8.9,269,16.5,17,56.5,31.8,38.9,0,5.4
15.1,22.8,37.9,0,3.7,0.5,297,8.4,75,50.6,31.9,48.8,0,10
17.5,17.6,35.1,0,3.7,3.6,99,6.5,15,47,33.6,59.5,0,10.7
5.1,13.6,18.7,0,3.8,3.6,100,8.6,20,45.2,34.2,65,0,5
124,13,137.4,0,2.5,2.2,145,4.6,29,47,31.9,55.9,0,24.6
62.1,13.6,75.8,0,3.3,3.1,121,5.8,18,44,30.5,58.9,0,22.1
26.1,12.3,38.3,0,3.8,3.4,129,7.5,27,42.1,29.6,60.9,0,7.6
11.6,11.1,22.6,0,2.5,2.1,114,5.7,31,41.5,29.3,61.8,0,6.3
15.5,11.8,27.1,0,0.3,0.2,70,0.3,57,41.1,29.4,62.9,0,4.8
35.2,11.4,46.6,0,0.9,0.6,78,3.8,43,40.1,29.3,65.1,0,7.1
36,11.7,47.8,0,0.3,0.2,5,0.3,37,40.7,30,65.4,0.011,9.9
37.4,9.6,47.4,2,2.4,2.3,313,6.1,20,42.5,29,59.3,0.177,9.9
33.2,10.8,44.2,5,1.2,0.4,339,4.6,67,46.9,28.6,49,0.455,11
31.1,16.3,47.7,10,2.1,1.8,315,6,34,51.7,28.6,40.9,0.709,11.7
12.8,12.4,25.4,20,4.2,3.4,295,12.6,34,58,27.3,30.8,0.895,9.1
5.6,4.8,10.5,32,11.2,10.9,275,18.3,13,63.9,25.5,23.3,1.003,5
4.4,4.5,9,36,7.3,7.1,281,12.3,13,65.9,24.2,20.6,0.972,4.5
97.5,39,135.8,0,0.4,0,249,6.3,78,56.6,29.8,35.8,0,31.9
1.1,8,9.1,30,4.4,4.2,313,11,13,40.3,15,35.3,0,2
21.8,20.9,42.8,3,0.4,0.4,282,6.2,19,36.5,27.9,70.6,0.003,11
20.3,20.6,41.2,4,0.3,0.3,259,0.3,30,36.9,26.9,67.2,0.138,8.2
5.1,9.3,14.7,26,4.2,3.9,352,10.7,22,40.9,17.1,39.9,0.434,2.6
0.1,3.3,3.7,35,4.6,3.9,329,10.4,33,42.7,14.2,31,0.689,2.3
5,10.1,15.4,26,4.6,4.3,287,8.4,21,44.9,19.1,35.2,0.867,4.2
4.3,10.4,15.2,29,3.4,2.8,289,7,36,47.3,20.4,34.1,0.939,5.5
0.8,5.9,7.1,37,2.7,1.7,333,7.8,50,49.5,19.9,30.9,0.918,2.1
1.9,7.9,10.1,33,1.3,0.4,344,5.4,67,51.4,21.5,30.8,0.809,2.8
1.8,9,11.2,33,0.4,0.2,311,5.7,52,52.8,21.6,29.4,0.611,3.2
1,9.4,10.7,34,0.8,0.5,82,7.4,52,54.1,20,26.2,0.367,2.7
9.5,28.1,35.1,7,2.7,2.6,77,5.5,14,36.7,11.9,35.5,0,3.4
9.3,28.8,35.5,5,2.9,2.7,80,4.5,17,35.2,12.7,39.1,0,3.7
9.8,28.1,35.3,5,2.6,2.5,50,4.3,15,34.2,13.7,42.3,0,2.4
10.1,24.6,32.2,8,3.7,3.6,38,8,13,33.4,13.6,43.6,0,3.3
10.5,26.4,34.4,5,3.8,3.7,38,8.5,13,32.2,14.6,47.8,0,7.7
10.8,26.7,35.9,3,3.1,3,48,8,19,31.4,14.9,50.2,0,4.5
2.6,21.7,25.5,6,4.2,4.1,36,8.6,12,31.8,14.5,48.2,0,8.3
7.2,19.4,28.6,7,4.3,4.2,33,9,17,30.8,14.9,51.3,0.083,7.8
6.4,13.3,19.8,17,6.2,6.1,38,10.7,11,32.9,13.7,44.9,0.332,7.3
11.6,15.3,24.9,22,5.9,5.7,39,9.9,15,38.2,13.7,36.5,0.62,8.2
6.2,9.1,13.7,29,5,4.4,49,10.3,29,42.3,14.2,31.7,0.726,2.9
7.3,11.2,16.7,27,3.4,2.4,118,7.4,44,45.2,16.8,31.6,0.638,3.4
2.2,7.9,10.8,27,3.5,2.8,122,8.7,38,46.9,18.5,32,0.706,3.1
0.5,8.1,10.2,24,3.7,3.1,146,8.5,33,48.2,20.5,33,0.369,3.7
-0.1,6.6,7.9,27,2.4,1.7,146,6.3,44,50,21.1,31.9,0.449,5.8
1.7,10.6,13.5,24,2.4,2,158,6.5,33,51.1,21.7,31.3,0.366,8.7
12.1,24.5,35.2,14,2.9,2.7,171,6.3,21,51.2,22.4,32.1,0.109,12.1
34.9,37,69.6,3,1.3,1.3,149,3.5,15,50.2,23.2,34.4,0,16
114.7,41,153.7,3,2.5,2.5,182,4.7,11,48.7,24.2,37.8,0,31.2
44.5,31.9,74.5,2,4.6,4.4,314,7.5,15,39.7,25.5,56.5,0,17.1
5.8,25.5,29.5,5,3.1,3,318,5.8,17,37.5,24.4,59,0,7.8
6.2,26,30.3,4,3.7,3.4,315,6.7,23,36.3,22.9,58,0,4
3.4,20.4,22.1,7,2.5,2.1,340,3.9,30,34.9,22.6,60.8,0,1.9
4,18.4,20.7,11,3.9,3.5,360,10.4,26,35,21.7,58,0,3
6.6,21,26.1,9,4.5,4.3,304,7.6,14,33.8,21.2,59.7,0,3.1
33.6,24.2,59.4,1,2.1,1.6,289,6.7,40,33.1,23.6,67.7,0,8.7
90.4,28.8,121.2,1,1.9,1,157,5.7,57,33.1,23.7,68.1,0.09,16.7
57.7,24.9,83.9,3,3.6,3.3,266,7.2,25,36,23.4,60,0.355,19.4
33.8,22.2,57.3,7,4.4,4,253,10.3,23,39.4,22,49.9,0.608,13.3
15,17.3,33.9,15,4.9,4.5,272,10.2,23,42.8,18.8,38.1,0.802,6.8
6.9,13.5,21.7,21,5.2,4.7,296,11,24,45.7,16.7,31.1,0.907,3.9
3.2,9.7,13.7,28,5.8,5.5,320,11.8,17,48.7,14.6,25.5,0.919,2.7
0.1,2.8,3.4,37,7.1,6.4,343,12.9,24,51.2,10.4,19.3,0.826,0.6
-1.9,1.8,1.3,38,6,5.4,354,10.9,25,52.6,8.8,17,0.645,1.5
-1.2,4.5,4.6,35,2.8,1.7,15,7.1,49,53.4,9,16.7,0.38,1.5
5.3,13.7,17.7,30,1.6,0.5,264,4.3,67,53.3,7.5,15.4,0.118,3
67.8,43.7,109.6,4,1.7,1.6,228,3.5,21,52.1,10.5,18.5,0,13.8
35.6,31.2,66.3,0,2.4,2,122,3.8,32,40.2,19.6,43.3,0,10.9
27.7,27.9,55.1,0,3.2,2.9,143,5.5,23,39.2,20.2,46.3,0,9.2
17.7,28,45.4,1,2.8,2.3,71,4.9,34,39.5,19.4,43.9,0,6.7
1.9,17.2,19,11,3.9,3.4,28,10.2,28,39.7,19.2,43.4,0,2.5
2.2,20.1,22,12,4.3,4,35,11.2,22,39.4,18.9,43.3,0,2.6
1.2,16.8,18,14,4.3,3.9,48,9.3,26,38.4,18.9,45.1,0,2.3
-4,13.1,12.1,11,5.5,5.3,41,11.7,16,37.7,19.4,47.3,0,5.2
-0.8,18.4,20.4,7,2.5,2,64,5.1,37,38.2,19,45.6,0.036,4.9
9.6,17.2,29.6,11,3.5,2.7,63,8.6,39,40.3,18.1,40.5,0.389,7.1
3.7,9.6,15.3,16,4.6,4.4,49,9.3,17,42.9,18,36.6,0.474,5.6
3.1,8.9,14.9,17,3.8,3.6,49,6.9,20,46.8,17.7,30.8,0.717,7.1
-1.6,5.1,6.8,23,2.8,1.7,39,7.8,52,50.4,17.6,27,0.804,1
-1.5,5.5,6.6,29,3.8,2.8,94,8.4,41,53.5,18.8,25.3,0.787,0.9
-0.6,5.7,7,28,4.5,4,117,11.9,28,56,21.3,25.7,0.623,1.9
3.8,9.6,13.2,26,2.6,2.1,160,6.9,38,57.2,23.2,26.6,0.462,4.2
6.2,15.7,21.5,20,2.6,2.3,190,5.7,26,57.5,23.9,27.1,0.244,6.8
15.4,27.1,41.6,10,2.3,1.9,212,4.3,33,57.2,24.5,28.2,0.078,8.9
48.3,37.9,85.1,1,1.2,1.1,281,3.3,28,56.1,25.4,30.4,0,19.6
132.3,40.3,171.7,1,1.6,1.1,230,2.4,46,54.5,26.3,33.4,0,25.9
200,33.4,232.4,1,1.6,1.1,114,3.7,45,44.1,30.3,58.3,0,33.1
115.8,31.6,146.5,1,2.3,1.8,327,4.1,39,43.9,30.2,58.6,0,25.3
72.5,26.1,97.7,0,2,1.6,96,3.4,38,43.2,28.6,56.2,0,13.3
45.4,22.9,67.2,0,2.2,1.9,123,4.1,31,42.2,28.9,59,0,8
38.3,21.6,58.8,0,1.3,0.6,59,3.3,59,41.8,29.9,62.1,0,6.8
39.4,22.7,61.1,0,2,1.6,71,4,35,42,27.8,57.4,0,7.1
9,19.1,27.8,1,2.3,2.2,73,4.2,21,41.7,26.3,54.4,0,3.9
9.8,18.2,27.7,1,2.9,2.7,59,5.5,21,41.4,25.9,53.8,0.009,4.2
10.6,17.3,27.7,2,1.3,1,17,3.2,36,42.2,26.5,53.4,0.05,5.7
22.2,19.6,41.5,2,1.1,0.7,109,3.5,49,43.9,27.2,51.5,0.107,6.2
47.3,22.1,69.1,3,1.8,0.6,304,3.8,66,46,28.4,50.2,0.211,6.7
13,16.5,29.2,9,2.1,0.5,112,5.1,71,48.1,29.6,48.2,0.419,4
12.1,16.1,27.9,12,2.6,0.9,68,6.4,65,51.3,31,45.5,0.494,4.6
9.6,16,25.3,13,3.2,2.3,125,6.6,43,54.8,32.6,42.6,0.331,6.5
6.1,15.7,21.5,13,10.3,9.3,287,44.9,25,56.2,34.5,43.7,0.13,13.4
1.1,6.2,7.5,19,18.4,18.1,288,42.8,10,49.4,42.1,76,0.03,17.4
1.7,9.6,11.2,13,8.5,7.6,296,17.5,26,46.7,43.6,88.9,0.017,6
4.4,18,21.8,5,4,3.8,275,8.6,19,46.2,43.2,89,0,8.3
4.7,22.9,26.8,1,1.6,0.2,340,4.5,76,46.1,42.8,88.2,0,15
29.4,24.1,52.6,0,3.1,3,172,6.1,17,45.4,43.1,91.4,0,17.2
37.6,22.4,59,0,3.3,3,131,6.7,25,44.1,42.5,94.2,0,22
32.2,19.2,50.7,0,3.3,3,96,6.1,23,42.9,42,96.7,0,27.7
21.1,17,37.4,0,2.5,1.9,84,5,39,42.9,42.6,99.3,0,17.4
1.9,21.1,22.7,8,2.9,2.8,54,5.5,17,50.7,39.7,65.9,0,7.6
11.3,29.5,40.3,0,1.9,1.7,84,4.6,25,47.8,39.3,72.6,0,7.9
15.6,25.1,40.1,1,2.6,2.3,50,5.6,27,46.3,38.6,74.6,0,6.8
7.1,20.1,26.9,3,2.4,1.9,12,5,39,45.1,38.6,77.7,0,5.9
5.5,18.1,23.2,2,2.2,1.5,42,3.7,45,45.6,38,74.8,0,5.4
6.7,19,25.5,0,2,1.6,31,4.4,35,43.7,37.9,79.9,0,6
57.5,20.3,80.3,0,1,0.4,137,3.5,62,42.9,37.3,80.7,0,8.4
140.7,20.8,163.8,2,2.2,1.8,163,4.5,35,42.6,36.8,79.5,0.065,16.9
127.2,43,171.2,-1,0.9,0.2,283,2,70,45.6,37.5,72.9,0.306,21.1
20,16.7,38.5,10,3.5,2.8,147,8.1,37,49.7,35.8,58.7,0.58,7
6.2,10.7,18.6,14,4.9,4.6,140,9.9,19,51.8,35.7,54,0.638,3.5
5.5,13.3,21.9,16,2.3,0.7,200,6.4,67,54.9,35.3,47.8,0.828,5.4
4.6,18.2,25.1,22,3.4,2,253,12.6,51,58.9,32.9,38.2,0.766,8.7
-0.1,3.9,5.4,30,9.9,9.4,277,17.3,18,61.2,29.5,30.2,0.803,0.1
-0.3,2.9,3.9,31,16,15.8,287,28.9,10,60.4,29.3,30.6,0.512,2.1
3.4,7.5,10.8,29,18.1,17.9,291,27,9,56.6,33,40.6,0.269,5.3
3.5,9.4,12.3,28,14.9,14.7,291,26.1,9,54.4,33.3,44.8,0.089,4.9
3.1,11.2,13.8,25,10.7,10.5,288,20.2,11,52.3,34.7,51.1,0.002,3
1.4,4.8,5.9,31,11.9,11.3,315,21.7,18,49.2,36.4,61.2,0,2.9
0.7,0.7,1.1,35,5.7,5.4,329,15,17,47.6,35.1,61.9,0,0.5
0.5,5.1,5.4,30,5.7,3.7,342,13.3,49,47.4,34.8,61.4,0,1
0.5,0.5,0.8,39,10.3,10,305,19.9,15,47.8,32.4,55.1,0,1.2
0.5,1.4,1.6,38,9.5,9.3,299,18.8,12,47.4,30.3,51.3,0,0.8
0.4,1,1.3,37,10.5,10.1,294,20.2,17,46.9,30,51.5,0,1
3.2,3.4,5.1,44,21.5,20.9,251,39.6,14,77.5,26.1,14.9,0,29.5
3.1,3.2,4.8,43,21.1,20.5,256,39.9,14,76,28.3,17.2,0,20.2
3,3.3,4.8,41,20.7,20.2,262,39.1,13,74.1,30.6,20.1,0,18.8
2.8,2.5,3.8,41,22.1,21.5,263,44.6,13,72.5,32.7,23.2,0,23.9
2.6,1.9,3.1,47,25.8,25.2,263,45.1,12,70.9,22,15.8,0,40.6
2.6,2.1,3.2,44,20.8,20.4,278,38.9,10,67.3,20.5,16.7,0,21.1
2.9,2.9,4.3,51,16.5,16.2,289,29.1,11,62.6,13.5,14.8,0,14.9
